{
	"info": {
		"_postman_id": "d5710aa5-1b49-4f05-a1a5-00a5f8824767",
		"name": "Test Explore With Me - Comments",
		"schema": "https://schema.getpostman.com/json/collection/v2.1.0/collection.json",
		"_exporter_id": "21370437"
	},
	"item": [
		{
			"name": "Добавление нового комментария",
			"event": [
				{
					"listen": "prerequest",
					"script": {
						"exec": [
							"const main = async () => {\r",
							"    const api = new API(pm);\r",
							"    const rnd = new RandomUtils();\r",
							"\r",
							"    let comment;\r",
							"    try {\r",
							"        const user = await api.addUser(rnd.getUser());\r",
							"        const category = await api.addCategory(rnd.getCategory());\r",
							"        let event = await api.addEvent(user.id, rnd.getEvent(category.id));\r",
							"        event = await api.publishEvent(event.id);\r",
							"        pm.collectionVariables.set(\"eid\", event.id);\r",
							"        pm.collectionVariables.set(\"uid\", user.id); \r",
							"        comment = rnd.getComment(event.id);    \r",
							"    } catch(err) {\r",
							"        console.error(\"Ошибка при подготовке тестовых данных.\", err);\r",
							"    }\r",
							"\r",
							"    pm.request.body.update({\r",
							"        mode: 'raw',\r",
							"        raw: JSON.stringify(comment),\r",
							"        options: { raw: { language: 'json' } }\r",
							"    });\r",
							"};\r",
							"\r",
							"const interval = setInterval(() => {}, 1000);\r",
							"\r",
							"setTimeout(async () => \r",
							"    {\r",
							"        try {\r",
							"            // выполняем наш скрипт\r",
							"            await main();\r",
							"        } catch (e) {\r",
							"            console.error(e);\r",
							"        } finally {\r",
							"            clearInterval(interval);\r",
							"        }\r",
							"    },  \r",
							"    100 \r",
							");"
						],
						"type": "text/javascript"
					}
				},
				{
					"listen": "test",
					"script": {
						"exec": [
							"pm.test(\"Ответ должен содержать код статуса 201 и данные в формате json\", function () {\r",
							"    pm.response.to.have.status(201);\r",
							"    pm.response.to.be.withBody;\r",
							"    pm.response.to.be.json;\r",
							"});\r",
							"\r",
							"const source = JSON.parse(pm.request.body.raw);\r",
							"const target = pm.response.json();\r",
							"\r",
							"pm.test(\"Подборка должны содержать поля: id, text, author, created, event\", function () {\r",
							"    pm.expect(target).to.have.property('id');\r",
							"    pm.expect(target).to.have.property('text');\r",
							"    pm.expect(target).to.have.property('authorName');\r",
							"    pm.expect(target).to.have.property('created');\r",
							"    pm.expect(target).to.have.property('eventId');\r",
							"});\r",
							"\r",
							"pm.test(\"Данные в ответе должны соответствовать данным в запросе\", function () {\r",
							"    pm.expect(target.id).to.not.be.null;\r",
							"    //pm.expect(target.text).equal(source.text, 'Название события должно соответствовать названию события в запросе');\r",
							"   // pm.expect(target.authorName).equal(pm.collectionVariables.get(\"uid\"));\r",
							"   pm.expect(target.eventId).equal(pm.collectionVariables.get(\"eid\"));\r",
							"});"
						],
						"type": "text/javascript"
					}
				}
			],
			"request": {
				"method": "POST",
				"header": [
					{
						"key": "Content-Type",
						"value": "application/json",
						"type": "default"
					},
					{
						"key": "Accept",
						"value": "application/json",
						"type": "default"
					}
				],
				"body": {
					"mode": "raw",
					"raw": "{{request_body}}"
				},
				"url": {
					"raw": "{{baseUrl}}/comments/:userId/events/:eventId/comments",
					"host": [
						"{{baseUrl}}"
					],
					"path": [
						"comments",
						":userId",
						"events",
						":eventId",
						"comments"
					],
					"variable": [
						{
							"key": "userId",
							"value": "{{uid}}",
							"description": "(Required) id текущего пользователя"
						},
						{
							"key": "eventId",
							"value": "{{eid}}",
							"description": "(Required) id события"
						}
					]
				}
			},
			"response": []
		},
		{
			"name": "Попытка добавления нового комментария без обязательного поля в body",
			"event": [
				{
					"listen": "prerequest",
					"script": {
						"exec": [
							"const main = async () => {\r",
							"    const api = new API(pm);\r",
							"    const rnd = new RandomUtils();\r",
							"\r",
							"    let comment;\r",
							"    try {\r",
							"        const user = await api.addUser(rnd.getUser());\r",
							"        const category = await api.addCategory(rnd.getCategory());\r",
							"        let event = await api.addEvent(user.id, rnd.getEvent(category.id));\r",
							"        event = await api.publishEvent(event.id);\r",
							"        pm.collectionVariables.set(\"eid\", event.id);\r",
							"        pm.collectionVariables.set(\"uid\", user.id); \r",
							"        comment = {};    \r",
							"    } catch(err) {\r",
							"        console.error(\"Ошибка при подготовке тестовых данных.\", err);\r",
							"    }\r",
							"\r",
							"    pm.request.body.update({\r",
							"        mode: 'raw',\r",
							"        raw: JSON.stringify(comment),\r",
							"        options: { raw: { language: 'json' } }\r",
							"    });\r",
							"};\r",
							"\r",
							"const interval = setInterval(() => {}, 1000);\r",
							"\r",
							"setTimeout(async () => \r",
							"    {\r",
							"        try {\r",
							"            // выполняем наш скрипт\r",
							"            await main();\r",
							"        } catch (e) {\r",
							"            console.error(e);\r",
							"        } finally {\r",
							"            clearInterval(interval);\r",
							"        }\r",
							"    },  \r",
							"    100 \r",
							");"
						],
						"type": "text/javascript"
					}
				},
				{
					"listen": "test",
					"script": {
						"exec": [
							"pm.test(\"Ответ должен содержать код статуса 400 и данные в формате json\", function () {\r",
							"    pm.response.to.be.error;    \r",
							"    pm.response.to.be.withBody;\r",
							"    pm.response.to.be.json;\r",
							"});\r",
							"\r",
							"const target = pm.response.json();\r",
							""
						],
						"type": "text/javascript"
					}
				}
			],
			"request": {
				"method": "POST",
				"header": [
					{
						"key": "Content-Type",
						"value": "application/json",
						"type": "default"
					},
					{
						"key": "Accept",
						"value": "application/json",
						"type": "default"
					}
				],
				"body": {
					"mode": "raw",
					"raw": "{{request_body}}"
				},
				"url": {
					"raw": "{{baseUrl}}/comments/:userId/events/:commentid",
					"host": [
						"{{baseUrl}}"
					],
					"path": [
						"comments",
						":userId",
						"events",
						":commentid"
					],
					"variable": [
						{
							"key": "userId",
							"value": "{{uid}}",
							"description": "(Required) id текущего пользователя"
						},
						{
							"key": "commentid",
							"value": null
						}
					]
				}
			},
			"response": []
		},
		{
			"name": "Изменение комментария автором",
			"event": [
				{
					"listen": "prerequest",
					"script": {
						"exec": [
							"const main = async () => {\r",
							"    const api = new API(pm);\r",
							"    const rnd = new RandomUtils();\r",
							"\r",
							"    let comment;\r",
							"    try {\r",
							"        const user = await api.addUser(rnd.getUser());\r",
							"        const category = await api.addCategory(rnd.getCategory());\r",
							"        let event = await api.addEvent(user.id, rnd.getEvent(category.id));\r",
							"        event = await api.publishEvent(event.id);\r",
							"        const otherUser = await api.addUser(rnd.getUser());\r",
							"        pm.collectionVariables.set(\"eid\", event.id);\r",
							"        pm.collectionVariables.set(\"uid\", otherUser.id); \r",
							"        const comment = await api.addComment(user.id, event.id, rnd.getComment());  \r",
							"        pm.collectionVariables.set(\"cid\", comment.id);\r",
							"        const commentNew = rnd.getComment();   \r",
							"    } catch(err) {\r",
							"        console.error(\"Ошибка при подготовке тестовых данных.\", err);\r",
							"    }\r",
							"\r",
							"    pm.request.body.update({\r",
							"        mode: 'raw',\r",
							"        raw: JSON.stringify(comment),\r",
							"        options: { raw: { language: 'json' } }\r",
							"    });\r",
							"};\r",
							"\r",
							"const interval = setInterval(() => {}, 1000);\r",
							"\r",
							"setTimeout(async () => \r",
							"    {\r",
							"        try {\r",
							"            // выполняем наш скрипт\r",
							"            await main();\r",
							"        } catch (e) {\r",
							"            console.error(e);\r",
							"        } finally {\r",
							"            clearInterval(interval);\r",
							"        }\r",
							"    },  \r",
							"    100 \r",
							");"
						],
						"type": "text/javascript"
					}
				},
				{
					"listen": "test",
					"script": {
						"exec": [
							"pm.test(\"Ответ должен содержать код статуса 400 и данные в формате json\", function () {\r",
							"    pm.response.to.be.clientError;    \r",
							"    pm.response.to.be.withBody;\r",
							"    pm.response.to.be.json;\r",
							"});\r",
							"\r",
							"const target = pm.response.json();\r",
							"\r",
							"pm.test(\"Ошибка должна содержать поле: status\", function () {\r",
							"pm.expect(target).to.have.property('status');\r",
							"});"
						],
						"type": "text/javascript"
					}
				}
			],
			"request": {
				"method": "PATCH",
				"header": [
					{
						"key": "Accept",
						"value": "application/json",
						"type": "default"
					}
				],
				"body": {
					"mode": "raw",
					"raw": "{{request_body}}"
				},
				"url": {
					"raw": "{{baseUrl}}/comments/:userId/events/:eventId/comments/:commentId",
					"host": [
						"{{baseUrl}}"
					],
					"path": [
						"comments",
						":userId",
						"events",
						":eventId",
						"comments",
						":commentId"
					],
					"variable": [
						{
							"key": "userId",
							"value": "{{uid}}",
							"description": "(Required) id текущего пользователя"
						},
						{
							"key": "eventId",
							"value": "{{eid}}",
							"description": "(Required) id события"
						},
						{
							"key": "commentId",
							"value": "{{cid}}",
							"description": "(Required) id комментария"
						}
					]
				}
			},
			"response": []
		},
		{
			"name": "Попытка изменения комментария НЕ автором",
			"event": [
				{
					"listen": "prerequest",
					"script": {
						"exec": [
							"const main = async () => {\r",
							"    const api = new API(pm);\r",
							"    const rnd = new RandomUtils();\r",
							"\r",
							"    let comment;\r",
							"    try {\r",
							"        const user = await api.addUser(rnd.getUser());\r",
							"        const category = await api.addCategory(rnd.getCategory());\r",
							"        let event = await api.addEvent(user.id, rnd.getEvent(category.id));\r",
							"        event = await api.publishEvent(event.id);\r",
							"        const otherUser = await api.addUser(rnd.getUser());\r",
							"        pm.collectionVariables.set(\"eid\", event.id);\r",
							"        pm.collectionVariables.set(\"uid\", otherUser.id); \r",
							"        const comment = await api.addComment(user.id, event.id, rnd.getComment());  \r",
							"        pm.collectionVariables.set(\"cid\", comment.id);\r",
							"        const commentNew = rnd.getComment();   \r",
							"    } catch(err) {\r",
							"        console.error(\"Ошибка при подготовке тестовых данных.\", err);\r",
							"    }\r",
							"\r",
							"    pm.request.body.update({\r",
							"        mode: 'raw',\r",
							"        raw: JSON.stringify(comment),\r",
							"        options: { raw: { language: 'json' } }\r",
							"    });\r",
							"};\r",
							"\r",
							"const interval = setInterval(() => {}, 1000);\r",
							"\r",
							"setTimeout(async () => \r",
							"    {\r",
							"        try {\r",
							"            // выполняем наш скрипт\r",
							"            await main();\r",
							"        } catch (e) {\r",
							"            console.error(e);\r",
							"        } finally {\r",
							"            clearInterval(interval);\r",
							"        }\r",
							"    },  \r",
							"    100 \r",
							");"
						],
						"type": "text/javascript"
					}
				},
				{
					"listen": "test",
					"script": {
						"exec": [
							"pm.test(\"Ответ должен содержать код статуса 400 и данные в формате json\", function () {\r",
							"    pm.response.to.be.clientError;    \r",
							"    pm.response.to.be.withBody;\r",
							"    pm.response.to.be.json;\r",
							"});\r",
							"\r",
							"const target = pm.response.json();\r",
							"\r",
							"pm.test(\"Ошибка должна содержать поле: status\", function () {\r",
							"pm.expect(target).to.have.property('status');\r",
							"});"
						],
						"type": "text/javascript"
					}
				}
			],
			"request": {
				"method": "PATCH",
				"header": [
					{
						"key": "Accept",
						"value": "application/json",
						"type": "default"
					}
				],
				"body": {
					"mode": "raw",
					"raw": "{{request_body}}"
				},
				"url": {
					"raw": "{{baseUrl}}/comments/:userId/events/:eventId/comments/:commentId",
					"host": [
						"{{baseUrl}}"
					],
					"path": [
						"comments",
						":userId",
						"events",
						":eventId",
						"comments",
						":commentId"
					],
					"variable": [
						{
							"key": "userId",
							"value": "{{uid}}",
							"description": "(Required) id текущего пользователя"
						},
						{
							"key": "eventId",
							"value": "{{eid}}",
							"description": "(Required) id события"
						},
						{
							"key": "commentId",
							"value": "{{cid}}",
							"description": "(Required) id комментария"
						}
					]
				}
			},
			"response": []
		},
		{
			"name": "Удаление комментария",
			"event": [
				{
					"listen": "prerequest",
					"script": {
						"exec": [
							"const main = async () => {\r",
							"    const api = new API(pm);\r",
							"    const rnd = new RandomUtils();\r",
							"\r",
							"    let comment;\r",
							"    try {\r",
							"        const user = await api.addUser(rnd.getUser());\r",
							"        const category = await api.addCategory(rnd.getCategory());\r",
							"        let event = await api.addEvent(user.id, rnd.getEvent(category.id));\r",
							"        event = await api.publishEvent(event.id);\r",
							"        pm.collectionVariables.set(\"eid\", event.id);\r",
							"        const comment = await api.addComment(user.id, event.id, rnd.getComment(event.id));  \r",
							"        pm.collectionVariables.set(\"cid\", comment.id); \r",
							"        const findedComment = await api.findComment(event.id, comment.id);\r",
							"        pm.collectionVariables.set(\"response\", findedComment) \r",
							"    } catch(err) {\r",
							"        console.error(\"Ошибка при подготовке тестовых данных.\", err);\r",
							"    }\r",
							"\r",
							"};\r",
							"\r",
							"const interval = setInterval(() => {}, 1000);\r",
							"\r",
							"setTimeout(async () => \r",
							"    {\r",
							"        try {\r",
							"            // выполняем наш скрипт\r",
							"            await main();\r",
							"        } catch (e) {\r",
							"            console.error(e);\r",
							"        } finally {\r",
							"            clearInterval(interval);\r",
							"        }\r",
							"    },  \r",
							"    100 \r",
							");"
						],
						"type": "text/javascript"
					}
				},
				{
					"listen": "test",
					"script": {
						"exec": [
							"pm.test(\"Ответ должен содержать код статуса 204\", function () {\r",
							"    pm.response.to.have.status(204);\r",
							"});\r",
							"\r",
							"source = pm.collectionVariables.get('response');\r",
							"eid = pm.collectionVariables.get('eid');\r",
							"cid = pm.collectionVariables.get('cid');\r",
							"\r",
							""
						],
						"type": "text/javascript"
					}
				}
			],
			"request": {
				"method": "DELETE",
				"header": [
					{
						"key": "Accept",
						"value": "application/json",
						"type": "default"
					}
				],
				"url": {
					"raw": "{{baseUrl}}/admin/comments/:eventId/comments/:commentId",
					"host": [
						"{{baseUrl}}"
					],
					"path": [
						"admin",
						"comments",
						":eventId",
						"comments",
						":commentId"
					],
					"variable": [
						{
							"key": "eventId",
							"value": "{{eid}}",
							"description": "(Required) id события"
						},
						{
							"key": "commentId",
							"value": "{{cid}}",
							"description": "(Required) id комментария"
						}
					]
				}
			},
			"response": []
		},
		{
			"name": "Получение комментариев",
			"event": [
				{
					"listen": "prerequest",
					"script": {
						"exec": [
							"const main = async () => {\r",
							"    const api = new API(pm);\r",
							"    const rnd = new RandomUtils();\r",
							"\r",
							"    try {\r",
							"        const user = await api.addUser(rnd.getUser());\r",
							"        const category = await api.addCategory(rnd.getCategory());\r",
							"        let event = await api.addEvent(user.id, rnd.getEvent(category.id));\r",
							"        event = await api.publishEvent(event.id);\r",
							"        pm.collectionVariables.set(\"eid\", event.id);\r",
							"        const comment1 = await api.addComment(user.id, event.id, rnd.getComment(event.id));\r",
							"        pm.collectionVariables.set(\"response1\", comment1)\r",
							"        const comment2 = await api.addComment(user.id, event.id, rnd.getComment(event.id));\r",
							"        pm.collectionVariables.set(\"response2\", comment2)\r",
							"    } catch(err) {\r",
							"        console.error(\"Ошибка при подготовке тестовых данных.\", err);\r",
							"    }\r",
							"};\r",
							"\r",
							"const interval = setInterval(() => {}, 1000);\r",
							"\r",
							"setTimeout(async () => \r",
							"    {\r",
							"        try {\r",
							"            await main();\r",
							"        } catch (e) {\r",
							"            console.error(e);\r",
							"        } finally {\r",
							"            clearInterval(interval);\r",
							"        }\r",
							"    },  \r",
							"    100 \r",
							");"
						],
						"type": "text/javascript"
					}
				},
				{
					"listen": "test",
					"script": {
						"exec": [
							"pm.test(\"Ответ должен содержать код статуса 200 и данные в формате json\", function () {\r",
							"    pm.response.to.be.ok;    \r",
							"    pm.response.to.be.withBody;\r",
							"    pm.response.to.be.json;\r",
							"});\r",
							"\r",
							"const source1 = pm.collectionVariables.get('response1');\r",
							"const source2 = pm.collectionVariables.get('response2');\r",
							"const target = pm.response.json();\r",
							"let founded1;\r",
							"let founded2;\r",
							"target.forEach(function(element){\r",
							"    if (element.id == source1.id) {\r",
							"        founded1 = element\r",
							"    } else if (element.id == source2.id) {\r",
							"        founded2 = element\r",
							"    }\r",
							"});\r",
							"\r",
							"pm.test(\"Комментарий должен содержать поля: id, text, authorName, eventId, created\", function () {\r",
							"    pm.expect(target[0]).to.have.property('id');\r",
							"    pm.expect(target[0]).to.have.property('text');\r",
							"    pm.expect(target[0]).to.have.property('authorName');\r",
							"    pm.expect(target[0]).to.have.property('eventId');\r",
							"    pm.expect(target[0]).to.have.property('created');\r",
							"});\r",
							"\r",
							""
						],
						"type": "text/javascript"
					}
				}
			],
			"request": {
				"method": "GET",
				"header": [
					{
						"key": "Accept",
						"value": "application/json"
					}
				],
				"url": {
					"raw": "{{baseUrl}}/comments/:eventId?from=0&size=1000",
					"host": [
						"{{baseUrl}}"
					],
					"path": [
						"comments",
						":eventId"
					],
					"query": [
						{
							"key": "from",
							"value": "0"
						},
						{
							"key": "size",
							"value": "1000"
						}
					],
					"variable": [
						{
							"key": "eventId",
							"value": "{{eid}}",
							"description": "(Required) id события"
						}
					]
				}
			},
			"response": []
		}
	],
	"event": [
		{
			"listen": "prerequest",
			"script": {
				"type": "text/javascript",
				"exec": [
					"API = class {",
					"    constructor(postman, verbose = false, baseUrl = \"http://localhost:8080\") {",
					"        this.baseUrl = baseUrl;",
					"        this.pm = postman;",
					"        this._verbose = verbose;",
					"    }",
					"",
					"    async addUser(user, verbose=null) {",
					"        return this.post(\"/admin/users\", user, \"Ошибка при добавлении нового пользователя: \", verbose);",
					"    }",
					"",
					"    async addCategory(category, verbose=null) {",
					"        return this.post(\"/admin/categories\", category, \"Ошибка при добавлении новой категории: \", verbose);",
					"    }",
					"",
					"    async addEvent(userId, event, verbose=null) {",
					"        return this.post(\"/users/\" + userId + \"/events\", event, \"Ошибка при добавлении нового события: \", verbose);",
					"    }",
					"",
					"    async publishEvent(eventId, verbose=null) {",
					"        return this.patch('/admin/events/' + eventId, {stateAction: \"PUBLISH_EVENT\"}, \"Ошибка при публикации события\", verbose);",
					"    }",
					"",
					"    async addComment(userId, eventId, comment, verbose=null) {",
					"        return this.post(\"/comments/\" + userId + \"/events/\" + eventId + \"/comments\", comment, \"Ошибка при добавлении нового комментария: \", verbose);",
					"    }",
					"",
					"    async findComment(eventId, commentId, verbose=null) {",
					"        return this.get('/comments/' + eventId , null, \"Ошибка при поиске комментария по id\", verbose);",
					"    }",
					"",
					"    async post(path, body, errorText = \"Ошибка при выполнении post-запроса: \", verbose=null) {",
					"        return this.sendRequest(\"POST\", path, body, errorText, verbose);",
					"    }",
					"",
					"    async patch(path, body = null, errorText = \"Ошибка при выполнении patch-запроса: \", verbose=null) {",
					"        return this.sendRequest(\"PATCH\", path, body, errorText, verbose);",
					"    }",
					"",
					"    async get(path, body = null, errorText = \"Ошибка при выполнении get-запроса: \", verbose=null) {",
					"        return this.sendRequest(\"GET\", path, body, errorText, verbose);",
					"    }",
					"",
					"    async sendRequest(method, path, body=null, errorText = \"Ошибка при выполнении запроса: \", verbose=null) {",
					"        return new Promise((resolve, reject) => {",
					"            verbose = verbose == null ? this._verbose : verbose;",
					"",
					"            const request = {",
					"                url: this.baseUrl + path,",
					"                method: method,",
					"                body: body == null ? \"\" : JSON.stringify(body),",
					"                header: { \"Content-Type\": \"application/json\" },",
					"            };",
					"",
					"            if(verbose) {",
					"                console.log(\"Отправляю запрос: \", request);",
					"            }",
					"",
					"            try {",
					"                this.pm.sendRequest(request, (error, response) => {",
					"                    if(error || (response.code >= 400 && response.code <= 599)) {",
					"                        let err = error ? error : JSON.stringify(response.json());",
					"                        console.error(\"При выполнении запроса к серверу возникла ошика.\\n\", err,",
					"                             \"\\nДля отладки проблемы повторите такой же запрос к вашей программе \" + ",
					"                             \"на локальном компьютере. Данные запроса:\\n\", JSON.stringify(request));",
					"",
					"                        reject(new Error(errorText + err));",
					"                    }",
					"",
					"                    if(verbose) {",
					"                        console.log(\"Результат обработки запроса: код состояния - \", response.code, \", тело: \", response.json());",
					"                    }",
					"",
					"                    resolve(response.json());",
					"                });",
					"            } catch(err) {",
					"                if(verbose) {",
					"                    console.error(errorText, err);",
					"                }",
					"                return Promise.reject(err);",
					"            }",
					"        });",
					"    }",
					"};",
					"",
					"RandomUtils = class {",
					"    constructor() {}",
					"",
					"    getUser() {",
					"        return {",
					"            name: pm.variables.replaceIn('{{$randomFullName}}'),",
					"            email: pm.variables.replaceIn('{{$randomEmail}}')",
					"        };",
					"    }",
					"",
					"    getCategory() {",
					"        return {",
					"            name: pm.variables.replaceIn('{{$randomWord}}') + Math.floor(Math.random() * 100).toString()",
					"        };",
					"    }",
					"",
					"    getEvent(categoryId) {",
					"        return {",
					"            annotation: pm.variables.replaceIn('{{$randomLoremParagraph}}'),",
					"            category: categoryId,",
					"            description: pm.variables.replaceIn('{{$randomLoremParagraphs}}'),",
					"            eventDate: this.getFutureDateTime(),",
					"            location: {",
					"                lat: parseFloat(pm.variables.replaceIn('{{$randomLatitude}}')),",
					"                lon: parseFloat(pm.variables.replaceIn('{{$randomLongitude}}')),",
					"            },",
					"            paid: pm.variables.replaceIn('{{$randomBoolean}}'),",
					"            participantLimit: pm.variables.replaceIn('{{$randomInt}}'),",
					"            requestModeration: pm.variables.replaceIn('{{$randomBoolean}}'),",
					"            title: pm.variables.replaceIn('{{$randomLoremSentence}}'),",
					"        }",
					"    }",
					"",
					"    getFutureDateTime(hourShift = 5, minuteShift=0, yearShift=0) {",
					"        let moment = require('moment');",
					"",
					"        let m = moment();",
					"        m.add(hourShift, 'hour');",
					"        m.add(minuteShift, 'minute');",
					"        m.add(yearShift, 'year');",
					"",
					"        return m.format('YYYY-MM-DD HH:mm:ss');",
					"    }",
					"",
					"    getComment(eventId) {",
					"        return {",
					"            text: pm.variables.replaceIn('{{$randomLoremParagraphs}}'),",
					"            eventId: eventId",
					"        };",
					"    }",
					"}"
				]
			}
		},
		{
			"listen": "test",
			"script": {
				"type": "text/javascript",
				"exec": [
					""
				]
			}
		}
	],
	"variable": [
		{
			"key": "baseUrl",
			"value": "http://localhost:8080",
			"type": "default"
		},
		{
			"key": "eid",
			"value": ""
		},
		{
			"key": "uid",
			"value": ""
		},
		{
			"key": "cid",
			"value": ""
		},
		{
			"key": "response",
			"value": ""
		},
		{
			"key": "cId",
			"value": ""
		},
		{
			"key": "response1",
			"value": ""
		},
		{
			"key": "response2",
			"value": ""
		}
	]
}